2001_Mona_LTC1	Mona
2001_Mona_LTC12	Mona
2001_Mona_LTC2	Mona
2001_Mona_LTC5	Mona
2022_Big_Springs_LTC_1	Big_Springs
2022_Big_Springs_LTC_10	Big_Springs
2022_Big_Springs_LTC_11	Big_Springs
2022_Big_Springs_LTC_12	Big_Springs
2022_Big_Springs_LTC_13	Big_Springs
2022_Big_Springs_LTC_14	Big_Springs
2022_Big_Springs_LTC_15	Big_Springs
2022_Big_Springs_LTC_2	Big_Springs
2022_Big_Springs_LTC_3	Big_Springs
2022_Big_Springs_LTC_4	Big_Springs
2022_Big_Springs_LTC_5	Big_Springs
2022_Big_Springs_LTC_6	Big_Springs
2022_Big_Springs_LTC_7	Big_Springs
2022_Big_Springs_LTC_8	Big_Springs
2022_Big_Springs_LTC_9	Big_Springs
2022_Bishop_LTC1	Bishop
2022_Bishop_LTC10	Bishop
2022_Bishop_LTC11	Bishop
2022_Bishop_LTC12	Bishop
2022_Bishop_LTC13	Bishop
2022_Bishop_LTC15	Bishop
2022_Bishop_LTC2	Bishop
2022_Bishop_LTC3	Bishop
2022_Bishop_LTC4	Bishop
2022_Bishop_LTC5	Bishop
2022_Bishop_LTC6	Bishop
2022_Bishop_LTC7	Bishop
2022_Bishop_LTC8	Bishop
2022_Bishop_LTC9	Bishop
2022_Clear_Lake_LTC1	Clear_Lake
2022_Clear_Lake_LTC10	Clear_Lake
2022_Clear_Lake_LTC11	Clear_Lake
2022_Clear_Lake_LTC12	Clear_Lake
2022_Clear_Lake_LTC13	Clear_Lake
2022_Clear_Lake_LTC14	Clear_Lake
2022_Clear_Lake_LTC15	Clear_Lake
2022_Clear_Lake_LTC2	Clear_Lake
2022_Clear_Lake_LTC3	Clear_Lake
2022_Clear_Lake_LTC4	Clear_Lake
2022_Clear_Lake_LTC5	Clear_Lake
2022_Clear_Lake_LTC6	Clear_Lake
2022_Clear_Lake_LTC7	Clear_Lake
2022_Clear_Lake_LTC8	Clear_Lake
2022_Clear_Lake_LTC9	Clear_Lake
2022_Cluster_LTC_1	Cluster
2022_Cluster_LTC_10	Cluster
2022_Cluster_LTC_11	Cluster
2022_Cluster_LTC_12	Cluster
2022_Cluster_LTC_13	Cluster
2022_Cluster_LTC_14	Cluster
2022_Cluster_LTC_15	Cluster
2022_Cluster_LTC_2	Cluster
2022_Cluster_LTC_3	Cluster
2022_Cluster_LTC_4	Cluster
2022_Cluster_LTC_5	Cluster
2022_Cluster_LTC_6	Cluster
2022_Cluster_LTC_7	Cluster
2022_Cluster_LTC_8	Cluster
2022_Cluster_LTC_9	Cluster
2022_Copilot_LTC1	Copilot
2022_Copilot_LTC10	Copilot
2022_Copilot_LTC11	Copilot
2022_Copilot_LTC12	Copilot
2022_Copilot_LTC13	Copilot
2022_Copilot_LTC14	Copilot
2022_Copilot_LTC2	Copilot
2022_Copilot_LTC3	Copilot
2022_Copilot_LTC4	Copilot
2022_Copilot_LTC5	Copilot
2022_Copilot_LTC6	Copilot
2022_Copilot_LTC7	Copilot
2022_Copilot_LTC8	Copilot
2022_Copilot_LTC9	Copilot
2022_Gandy_LTC1	Gandy
2022_Gandy_LTC10	Gandy
2022_Gandy_LTC11	Gandy
2022_Gandy_LTC12	Gandy
2022_Gandy_LTC13	Gandy
2022_Gandy_LTC14	Gandy
2022_Gandy_LTC15	Gandy
2022_Gandy_LTC2	Gandy
2022_Gandy_LTC3	Gandy
2022_Gandy_LTC4	Gandy
2022_Gandy_LTC5	Gandy
2022_Gandy_LTC6	Gandy
2022_Gandy_LTC7	Gandy
2022_Gandy_LTC8	Gandy
2022_Gandy_LTC9	Gandy
2022_Jail_Pond_LTC1	Jail_Pond
2022_Jail_Pond_LTC10	Jail_Pond
2022_Jail_Pond_LTC11	Jail_Pond
2022_Jail_Pond_LTC12	Jail_Pond
2022_Jail_Pond_LTC13	Jail_Pond
2022_Jail_Pond_LTC14	Jail_Pond
2022_Jail_Pond_LTC2	Jail_Pond
2022_Jail_Pond_LTC3	Jail_Pond
2022_Jail_Pond_LTC4	Jail_Pond
2022_Jail_Pond_LTC5	Jail_Pond
2022_Jail_Pond_LTC6	Jail_Pond
2022_Jail_Pond_LTC7	Jail_Pond
2022_Jail_Pond_LTC8	Jail_Pond
2022_Jail_Pond_LTC9	Jail_Pond
2022_Keg_Springs_LTC1	Keg_Springs
2022_Keg_Springs_LTC2	Keg_Springs
2022_Keg_Springs_LTC3	Keg_Springs
2022_Keg_Springs_LTC4	Keg_Springs
2022_Keg_Springs_LTC5	Keg_Springs
2022_Keg_Springs_LTC6	Keg_Springs
2022_Keg_Springs_LTC7	Keg_Springs
2022_Keg_Springs_LTC8	Keg_Springs
2022_Leland_Harris_LTC1	Leland_Harris
2022_Leland_Harris_LTC10	Leland_Harris
2022_Leland_Harris_LTC11	Leland_Harris
2022_Leland_Harris_LTC12	Leland_Harris
2022_Leland_Harris_LTC13	Leland_Harris
2022_Leland_Harris_LTC14	Leland_Harris
2022_Leland_Harris_LTC15	Leland_Harris
2022_Leland_Harris_LTC2	Leland_Harris
2022_Leland_Harris_LTC3	Leland_Harris
2022_Leland_Harris_LTC4	Leland_Harris
2022_Leland_Harris_LTC5	Leland_Harris
2022_Leland_Harris_LTC6	Leland_Harris
2022_Leland_Harris_LTC7	Leland_Harris
2022_Leland_Harris_LTC8	Leland_Harris
2022_Leland_Harris_LTC9	Leland_Harris
2022_Lower_Rocky_LTC1	Lower_Rocky
2022_Lower_Rocky_LTC2	Lower_Rocky
2022_Lower_Rocky_LTC3	Lower_Rocky
2022_Lower_Rocky_LTC4	Lower_Rocky
2022_Lower_Rocky_LTC_10	Lower_Rocky
2022_Lower_Rocky_LTC_11	Lower_Rocky
2022_Lower_Rocky_LTC_12	Lower_Rocky
2022_Lower_Rocky_LTC_13	Lower_Rocky
2022_Lower_Rocky_LTC_14	Lower_Rocky
2022_Lower_Rocky_LTC_5	Lower_Rocky
2022_Lower_Rocky_LTC_6	Lower_Rocky
2022_Lower_Rocky_LTC_7	Lower_Rocky
2022_Lower_Rocky_LTC_8	Lower_Rocky
2022_Lower_Rocky_LTC_9	Lower_Rocky
2022_Mills_Valley_LTC1	Mills_Valley
2022_Mills_Valley_LTC2	Mills_Valley
2022_Mills_Valley_LTC3	Mills_Valley
2022_Mills_Valley_LTC4	Mills_Valley
2022_Mills_Valley_LTC5	Mills_Valley
2022_Mills_Valley_LTC6	Mills_Valley
2022_Mills_Valley_LTC7	Mills_Valley
2022_Mills_Valley_LTC8	Mills_Valley
2022_Red_Knolls_LTC1	Red_Knolls
2022_Red_Knolls_LTC10	Red_Knolls
2022_Red_Knolls_LTC12	Red_Knolls
2022_Red_Knolls_LTC15	Red_Knolls
2022_Red_Knolls_LTC2	Red_Knolls
2022_Red_Knolls_LTC3	Red_Knolls
2022_Red_Knolls_LTC4	Red_Knolls
2022_Red_Knolls_LTC5	Red_Knolls
2022_Red_Knolls_LTC6	Red_Knolls
2022_Red_Knolls_LTC7	Red_Knolls
2022_Red_Knolls_LTC8	Red_Knolls
2022_Red_Knolls_LTC9	Red_Knolls
2022_Rosebud_Top_P_LTC1	Rosebud_Top_P
2022_Rosebud_Top_P_LTC10	Rosebud_Top_P
2022_Rosebud_Top_P_LTC11	Rosebud_Top_P
2022_Rosebud_Top_P_LTC12	Rosebud_Top_P
2022_Rosebud_Top_P_LTC13	Rosebud_Top_P
2022_Rosebud_Top_P_LTC14	Rosebud_Top_P
2022_Rosebud_Top_P_LTC2	Rosebud_Top_P
2022_Rosebud_Top_P_LTC3	Rosebud_Top_P
2022_Rosebud_Top_P_LTC4	Rosebud_Top_P
2022_Rosebud_Top_P_LTC5	Rosebud_Top_P
2022_Rosebud_Top_P_LTC6	Rosebud_Top_P
2022_Rosebud_Top_P_LTC7	Rosebud_Top_P
2022_Rosebud_Top_P_LTC8	Rosebud_Top_P
2022_Rosebud_Top_P_LTC9	Rosebud_Top_P
2022_Tooele_Army_LTC1	Tooele_Army
2022_Tooele_Army_LTC2	Tooele_Army
2022_Tooele_Army_LTC3	Tooele_Army
2022_Tooele_Army_LTC4	Tooele_Army
2022_Tooele_Army_LTC5	Tooele_Army
2022_Tooele_Army_LTC6	Tooele_Army
2022_Tooele_Army_LTC7	Tooele_Army
2022_Tooele_Army_LTC_10	Tooele_Army
2022_Tooele_Army_LTC_8	Tooele_Army
2022_Tooele_Army_LTC_9	Tooele_Army
2022_Willow_Pond_LTC1	Willow_Pond
2022_Willow_Pond_LTC10	Willow_Pond
2022_Willow_Pond_LTC11	Willow_Pond
2022_Willow_Pond_LTC12	Willow_Pond
2022_Willow_Pond_LTC14	Willow_Pond
2022_Willow_Pond_LTC2	Willow_Pond
2022_Willow_Pond_LTC3	Willow_Pond
2022_Willow_Pond_LTC4	Willow_Pond
2022_Willow_Pond_LTC5	Willow_Pond
2022_Willow_Pond_LTC6	Willow_Pond
2022_Willow_Pond_LTC7	Willow_Pond
2022_Willow_Pond_LTC8	Willow_Pond
2022_Willow_Pond_LTC9	Willow_Pond
